Bundle,Black,Red,Blue,Yellow,Clear,Contact,Label,BMS
2031-009,,,,,,,2,5
2031-010,,,,,,,1,5
2401-076,4,,,,,,,
2401-077,4,,,,,,,
3755-072,67,8,,,,,,1
3755-103,116,41,3,,,,,2
3755-300,203,78,23,6,,,,1
3755-304,209,47,8,,,,,6
3755-306,201,83,12,,,,,
3755-307,116,16,,,,,,
3755-310,176,63,8,,,,,
3755-315,214,41,8,,,,,5
3755-316,191,54,4,,,,,7
3755-318,96,27,3,,,,,1
3755-320,203,90,12,,,,,1
3755-321,172,91,2,,,,,8
3755-324,223,80,12,,,,,
3755-325,203,89,16,,,,,1
3755-328,,77,3,,,,,4
3755-330,,77,3,,,,,4
3755-331,165,78,12,,,,,1
3755-332,207,22,2,,,,,2
3755-334,200,30,,,,,2,14
3755-337,44,57,8,,,,,3
3755-340,170,45,8,,,,,5
3755-341,214,49,8,,,,,4
3755-350,176,63,8,,,,,5
3755-501,96,26,3,,,,,1
3755-602,224,83,12,,,,,
3755-604,165,78,12,,,,,1
3755-607,242,81,12,,,,,
3910-102,11,,,,,,1,4
3910-103,11,,,,,,1,4
3910-104,79,,,,,,1,2
3910-106,44,,,,,,1,2
3910-107,75,,,,,,1,1
3910-110 ,,28,14,,5,,,
3910-111,93,,,,,,1,3
3910-112,93,,,,,,1,3
3910-114,41,,,,,,1,2
3910-126,81,,,,,,1,3
3910-121,76,,,,,,1,2
4477-069,24,143,,6,,,,2
4477-079,24,215,,12,,,,2
4477-098,20,161,,12,,,,
4477-105,24,143,,6,,,,2
4477-111,62,199,,12,,,,2
4477-125,68,171,,12,,,,8
4477-127,24,120,,6,,,,2
4477-132,20,143,,6,,,,2
4477-138,56,171,,12,,,,3
4477-139,48,173,,10,,,,3
4477-144,72,156,,12,,,,4
4477-301,45,241,,12,,,,11
4477-302,24,129,,6,,,,4
4477-303,23,188,,12,,,,2
4477-304,24,201,,12,,,,3
4477-307,59,180,,6,,,,3
4477-308,,206,,12,,,,3
4477-309,,103,,6,,,,4
4477-311,24,139,,6,,,,4
4477-312,24,215,,12,,,,2
4477-313,44,44,,,,,,
4477-314,23,196,,12,,,,2
4477-315,24,175,,18,,,,8
4477-316,96,181,5,12,,,,6
4477-317,96,138,,12,,,,3
4477-319,24,201,,12,,,,2
4477-321,23,259,,,,,,2
4477-322,48,195,,12,,,,4
4477-327,72,177,,12,,,,7
4477-599,24,139,,6,,,,2
4477-601,68,171,,12,,,,3
4477-608,71,174,,12,,,,4
4477-611,68,171,,12,,,,3
4477-612,24,182,,6,,,,6
4479-308,38,59,,,,,1,4
4649-017,48,,,,,,,2
5104-037,,61,,,25,,2,
5104-185,25,40,8,,,,,
5104-846,27,57,,2,,3,1,
5104-848,28,57,,2,,3,1,
5104-859,19,,,2,,3,1,
5104-890,27,57,,2,,3,1,
5104-901,29,68,,2,,3,1,
5104-902,28,58,,2,,,,
5110-169,25,35,8,,,,,
5110-170,25,40,8,,,,,
5110-185,25,40,8,,,,,
5110-315,23,40,8,,,,,
5112-129,59,12,24,,,,,
5112-414,78,12,24,,,,,
5112-415,78,12,24,,,,,
5112-416,78,12,24,,,,,
5112-417,78,12,24,,,,,
5112-828,78,12,24,,,,,
5112-830,78,12,24,,,,,
5162-313,30,15,9,,,,1,2
5162-316,30,15,9,,,,1,2
5162-814,20,15,9,,,,1,2
5162-815,30,15,9,,,,1,2
5162-816,30,15,9,,,,1,2
5162-817,30,15,9,,,,1,2
5174-004,22,,,,,,,
5176-004,22,,,,,,,
5184-010,10,4,,,,,,
5248-330,38,8,24,,,,,
5248-8AC,42,10,22,,,,,
5248-8AD,42,10,23,,,,,
5337-304,14,,,,,,,
5337-305,15,,,,,,,
5337-309,14,,,,,,,
5337-311,14,,,,,,,
5337-312,15,,,,,,,
5337-601,14,,,,,,,
5337-602,14,,,,,,,
5337-603,14,,,,,,,
5337-823,14,,,,,,,
5337-829,14,,,,,,,
5337-830,12,,,,,,,
5367-301,24,47,,8,,,,
5367-302,24,47,,8,,,,
5367-803,24,47,,8,,,,
5367-804,24,47,,8,,,,
5367-805,24,47,,8,,,,
5367-807,47,14,,8,,,,
5375-331,5,34,11,4,,,,
5375-803,5,34,11,4,,,,
5375-804,5,34,11,4,,,,
5433-044,22,50,,11,,,,
5433-047,22,50,,11,,,,
5433-049,22,46,,11,,,,
5433-060,22,50,,11,,,,
5433-070,22,46,,11,,,,
5461-1AX,120,,,,,,,
5461-1BF,138,,,,,,,
5461-1BL,118,,,,,,,
5461-1BS,134,,,,,,,
5461-1BY,144,,,,,,,
5461-1DJ,138,,,,,,,
5461-1DK,126,,,,,,,
5461-1DN,138,,,,,,,
5461-1DP,126,,,,,,,
5461-1DQ,134,,,,,,,
5461-1DV,140,,,,,,,
5461-792,122,,,,,,,
5461-798,134,,,,,,,
5461-967,130,,,,,,,
5463-1AA,88,2,5,,,,,
5463-1AB,85,2,5,,,,,
5463-1AC,78,2,,,,,,
5463-1AD,85,2,5,,,,,
5463-1AE,81,2,5,,,,,
5463-1AF,81,2,5,,,,,
5463-1AG,81,2,5,,,,,
5463-1AJ,81,2,5,,,,,
5463-1AK,85,2,5,,,,,
5463-1BA,95,2,5,,,,,
5463-871,85,2,5,,,,,
5526-829,17,20,3,,,,,
5526-830,17,20,3,,,,,
5526-831,17,20,3,,,,,
5580-394,,14,,,,,,
5580-405,,14,,,,,,
5580-415,,14,,,,,,
5602-072,77,,,,,,1,2
5610-274,104,10,,,,,,
5610-275,102,10,,,,,,
5610-280,101,9,,,,,,
5610-287,102,10,,,,,,
5610-295,102,10,,,,,,
6102-810,48,15,,,,,,
6102-811,48,15,,,,,,
6102-901,48,15,,,,,,
6102-902,48,15,,,,,,
6102-903,48,15,,,,,,
6103-005,8,,,,,,,
6103-006,8,,,,,,,
6201-025,7,,,,,,,
6201-026,7,,,,,,,
6201-027,11,,,,,,,
6201-028,11,,,,,,,
6212-102,33,23,2,4,,,,
6212-125,33,24,,,,,,
6212-141,49,24,,,,,,
6212-142,31,24,,,,,,
6212-145,49,24,,,,,,
6212-154,49,24,,,,,,
6212-158,33,25,,,,,,
6212-167,33,24,,,,,,
6212-170,33,25,,,,,,
6212-173,49,23,,,,,,
6212-181,49,22,2,4,,,,
6212-182,33,23,2,4,,,,
6212-184,49,22,2,4,,,,
6212-186,49,20,2,,,,,
6212-191,49,21,3,,,,,
6212-193,33,21,2,,,,,
6212-195,33,24,,,,,,
6212-203,49,22,2,4,,,,
6212-206,49,23,,,,,,
6212-212,31,9,2,6,,,,
6212-213,49,9,2,6,,,,
6212-217,33,21,2,,,,,
6212-218,33,21,2,,,,,
6212-219,49,21,1,4,,,,
6212-221,33,21,2,,,,,
6212-222,33,21,2,,,,,
6212-223,33,9,2,6,,,,
6212-225,33,21,2,,,,,
6212-230,33,23,2,4,,,,
6212-233,33,21,2,4,,,,
6212-234,33,24,,,,,,
6212-237,49,24,,,,,,
6212-239,33,24,,,,,,
6212-244,33,25,,,,,,
6212-245,49,22,2,4,,,,
6212-247,49,23,,,,,,
6212-255,33,21,2,4,,,,
6212-258,49,9,2,6,,,,
6212-259,33,21,2,,,,,
6212-259,33,21,2,,,,,
6212-260,33,21,2,,,,,
6212-262,33,21,2,,,,,
6212-263,33,9,2,6,,,,
6212-264,33,21,2,,,,,
6212-266,49,24,,,,,,
6212-267,49,23,,,,,,
6212-268,49,20,2,,,,,
6212-269,49,24,,,,,,
6212-498,33,21,2,,,,,
6212-508,49,20,2,,,,,
6212-509,49,20,2,,,,,
6212-841,49,23,,,,,,
6212-918,,30,,,18,,1,
6212-967,49,21,1,4,,,,
6212-968,33,23,2,4,,,,
6212-970,49,21,1,4,,,,
6212-974,49,21,1,4,,,,
6230-838,65,65,,5,,3,,
6230-844,56,54,,5,,3,,
6230-845,65,65,,5,,3,,
6230-848,65,65,,5,,3,,
6230-851,38,63,,5,,3,,
6528-414,37,40,3,,13,,1,
6528-416,35,37,3,,13,,1,
6528-417,35,37,3,,13,,1,
6528-418,33,34,3,,13,,1,
6528-420,35,38,3,,13,,1,
6528-905,37,37,3,,,,,
6528-907,35,34,3,,13,,1,
6528-910,37,40,3,,13,,1,
7592-314,14,12,,,,,,
7592-811,14,12,,,,,,
7592-813,14,12,,,,,,
7594-315,36,9,,,,,,
7594-810,36,9,,,,,,
